fixture_id,date,sport,league,home,away,lambda_home,lambda_away,model_lean,model_prob,confidence_gap,p_home,p_draw,p_away,p_home_or_draw,p_away_or_draw,p_home_or_away,p_over05,p_under05,p_over15,p_under15,p_over25,p_under25,p_over35,p_under35,p_btts,p_btts_no,p_home_over05,p_away_over05,p_home_over15,p_away_over15,p_home_clean_sheet,p_away_clean_sheet,top1_score,top1_prob,top2_score,top2_prob,top3_score,top3_prob,odds_home,odds_draw,odds_away,odds_over25,odds_under25,pred_home_score,pred_away_score,pred_total,pred_margin_home,p_home_plus55,p_away_plus55,p_home_plus95,p_away_plus95,p_favorite_by_6,fair_odds_home,fair_odds_away,spread_home,spread_away,p_home_cover,p_away_cover,total_line,p_over_total,p_under_total,odds_spread_home,odds_spread_away,odds_over,odds_under
football_B1_Anderlecht_Club Brugge_2026-05-03,2026-05-03 00:00:00,football,B1,Anderlecht,Club Brugge,1.254,1.654,Away win,0.45650319149192436,0.1775786246942772,0.27892456679764716,0.26457224171042854,0.45650319149192436,0.5434968085080757,0.7210754332023529,0.7354277582895715,0.9340866356078368,0.06591336439216328,0.7979823463488646,0.20201765365113544,0.5558540184282571,0.44414598157174295,0.33213524918401005,0.6678647508159901,0.5892033910389773,0.41079660896102266,0.7145181253881403,0.8087719012586739,0.35664466078558527,0.49242521996447075,0.19122809874132618,0.2854818746118597,1-1,0.1245332911353044,1-2,0.09364279341744458,0-1,0.07899003531808194,4.33,4.1,1.67,1.5,2.5,,,,,,,,,,,,,,,,,,,,,,
football_B1_Antwerp_Standard_2026-05-03,2026-05-03 00:00:00,football,B1,Antwerp,Standard,1.725,0.931,Home win,0.5497109040634385,0.28992991840247206,0.5497109040634385,0.2597809856609664,0.19050811027559508,0.8094918897244049,0.4502890959365615,0.7402190143390336,0.9184781514141781,0.08152184858582201,0.7544803455058366,0.24551965449416338,0.4954807132849283,0.5045192867150717,0.276182379066094,0.723817620933906,0.5090743073635756,0.4909256926364244,0.8218495858506557,0.6057028729270979,0.5145171120380355,0.2387500429842454,0.3942971270729021,0.1781504141493443,1-1,0.12405417309876644,1-0,0.10990265938063618,2-0,0.10452584430556709,1.91,3.6,3.8,1.85,1.95,,,,,,,,,,,,,,,,,,,,,,
football_B1_Mechelen_Gent_2026-05-03,2026-05-03 00:00:00,football,B1,Mechelen,Gent,1.616,1.266,Home win,0.44422265524707855,0.1558291711790432,0.44422265524707855,0.2673838606848862,0.28839348406803533,0.7116065159319647,0.5557773447529215,0.7326161393151138,0.9324960248812126,0.06750397511878764,0.7939296315386765,0.2060703684613237,0.5497832973522256,0.45021670264777447,0.32627757290379666,0.6737224270962033,0.5867880058439217,0.41321199415607834,0.8012452527005889,0.7180387780245453,0.48012023554642125,0.36107986531175223,0.281961221975455,0.1987547472994114,1-1,0.12609128066505146,2-1,0.09260170961432634,1-0,0.07908195854685512,2.55,3.5,2.5,1.7,2.1,,,,,,,,,,,,,,,,,,,,,,
football_D1_Freiburg_Wolfsburg_2026-05-03,2026-05-03 00:00:00,football,D1,Freiburg,Wolfsburg,2.054,1.058,Home win,0.59371469320104,0.36599744186225547,0.59371469320104,0.22771725133878448,0.17856805546017576,0.8214319445398245,0.40628530679896024,0.7722827486612157,0.9457951106828046,0.05420488931719544,0.8265808541185045,0.17341914588149565,0.601333860828549,0.398666139171451,0.377742886651774,0.622257113348226,0.5787112019954689,0.4212887980045311,0.8717634317424052,0.6527428809358681,0.6083797376927986,0.2854525632759525,0.34725711906413187,0.12823656825759464,1-1,0.10641210871931431,2-1,0.09934485170975646,2-0,0.09392626306726191,2.55,3.5,2.7,1.67,2.2,,,,,,,,,,,,,,,,,,,,,,
football_D1_M'gladbach_Dortmund_2026-05-03,2026-05-03 00:00:00,football,D1,M'gladbach,Dortmund,1.32,1.952,Away win,0.5120162206003742,0.2634570333838643,0.24855918721650996,0.2394245921831156,0.5120162206003742,0.48798377939962556,0.7514408127834898,0.7605754078168842,0.9522847174039516,0.047715282596048306,0.8477005139464349,0.15229948605356497,0.6348618917690042,0.3651381082309956,0.4134046891209113,0.5865953108790887,0.6385292317903837,0.3614707682096163,0.7328187196660851,0.85799522952825,0.38018536946274784,0.5808159382829264,0.14200477047174978,0.26718128033391475,1-1,0.10751692828670756,1-2,0.09539201292124753,0-2,0.07227609110491627,3.75,3.8,1.91,1.57,2.38,,,,,,,,,,,,,,,,,,,,,,
football_D1_St Pauli_Mainz_2026-05-03,2026-05-03 00:00:00,football,D1,St Pauli,Mainz,1.417,1.445,Away win,0.36960934023087144,0.012225718583093736,0.3573836216477777,0.2730070381213509,0.36960934023087144,0.6303906597691287,0.6426163783522223,0.7269929618786491,0.9311548321024238,0.06884516789757625,0.7910042427864161,0.2089957572135838,0.5452390841545968,0.4547609158454033,0.32192748839508795,0.6780725116049121,0.5907085378944975,0.4092914621055025,0.7576780717523548,0.7641852982445664,0.41418953146821424,0.42350159888807454,0.2358147017554336,0.24232192824764515,1-1,0.12872304124961872,1-2,0.08453062656801186,2-1,0.0829379215032953,2.63,3.3,2.6,2.1,1.73,,,,,,,,,,,,,,,,,,,,,,
football_D2_Elversberg_Paderborn_2026-05-03,2026-05-03 00:00:00,football,D2,Elversberg,Paderborn,1.782,1.282,Home win,0.48104015408877826,0.21563113229742925,0.48104015408877826,0.25355082411987273,0.265409021791349,0.734590978208651,0.5189598459112217,0.7464491758801273,0.9426405470417458,0.05735945295825421,0.8209067004775549,0.17909329952244513,0.5910388840639024,0.4089611159360976,0.3671481392200083,0.6328518607799918,0.6116379266522327,0.3883620733477673,0.8316915165541652,0.7225869571398134,0.5317725962419781,0.3668746727911986,0.27741304286018664,0.16830848344583482,1-1,0.11735332868998004,2-1,0.09505404198926025,2-0,0.07413078542589087,2.1,3.9,3.0,1.5,2.5,,,,,,,,,,,,,,,,,,,,,,
football_D2_Greuther Furth_Nurnberg_2026-05-03,2026-05-03 00:00:00,football,D2,Greuther Furth,Nurnberg,1.639,1.339,Home win,0.43415883275493916,0.13174786170931535,0.43415883275493916,0.2634301961994372,0.3024109710456238,0.6975890289543764,0.565841167245061,0.736569803800563,0.9379071544609482,0.06209284553905194,0.808633645518815,0.19136635448118525,0.5717443080031197,0.4282556919968804,0.34772120795069583,0.6522787920493043,0.6057053892928052,0.39429461070719485,0.8057349925900215,0.7378775511637319,0.48742530496060443,0.3869103482252274,0.2621224488362683,0.1942650074099786,1-1,0.12288788680907817,2-1,0.09152540782294559,1-2,0.07479089205668796,2.6,3.75,2.45,1.57,2.35,,,,,,,,,,,,,,,,,,,,,,
football_D2_Hannover_Preußen Münster_2026-05-03,2026-05-03 00:00:00,football,D2,Hannover,Preußen Münster,2.143,0.716,Home win,0.6943251512871241,0.4913698797020095,0.6943251512871241,0.20295527158511462,0.10271957712776125,0.8972804228722387,0.30567484871287587,0.7970447284148854,0.9338509803040101,0.06614901969598969,0.7874953384609858,0.21250466153901412,0.5443754138264348,0.45562458617356505,0.3211003746774739,0.678899625322526,0.459964369120168,0.540035630879832,0.882680565037287,0.5111347843868913,0.6312802145442592,0.16126936812611026,0.48886521561310853,0.11731943496271295,2-0,0.13168033908507412,1-0,0.11410525772165017,1-1,0.09675191710068437,1.4,5.25,6.0,1.44,2.7,,,,,,,,,,,,,,,,,,,,,,
football_D2_Karlsruhe_Darmstadt_2026-05-03,2026-05-03 00:00:00,football,D2,Karlsruhe,Darmstadt,1.719,1.358,Home win,0.44972454388899147,0.15636678485884054,0.44972454388899147,0.25691769708085754,0.29335775903015093,0.706642240969849,0.5502754561110085,0.7430823029191425,0.9431480898745574,0.05685191012544249,0.8228386054275634,0.17716139457243674,0.5938642483298254,0.4061357516701745,0.3700402063810337,0.6299597936189664,0.6204433547026613,0.3795566452973387,0.8208009389861162,0.7427905055911026,0.5127111529299128,0.39353484277762196,0.25720949440889745,0.17919906101388378,1-1,0.11836231267863509,2-1,0.09249799784348822,1-2,0.07305454196484522,2.7,3.8,2.1,1.44,2.7,,,,,,,,,,,,,,,,,,,,,,
football_D2_Magdeburg_Hertha_2026-05-03,2026-05-03 00:00:00,football,D2,Magdeburg,Hertha,1.665,1.409,Home win,0.4259308933910039,0.11109131928283017,0.4259308933910039,0.2592295325008225,0.3148395741081737,0.6851604258918264,0.5740691066089962,0.7407704674991775,0.9429591857281242,0.0570408142718759,0.8225979346635474,0.17740206533645242,0.5933657161467573,0.4066342838532426,0.3695291406855497,0.6304708593144503,0.6236435023866062,0.37635649761339385,0.8108913950563813,0.7557112930583488,0.4959432487033275,0.4114096096153825,0.244288706941651,0.18910860494361847,1-1,0.11928089468525814,2-1,0.09029755123482984,1-2,0.0764159404904589,2.1,3.8,3.1,1.44,2.7,,,,,,,,,,,,,,,,,,,,,,
football_E0_Aston Villa_Tottenham_2026-05-03,2026-05-03 00:00:00,football,E0,Aston Villa,Tottenham,2.064,0.985,Home win,0.6130355422623273,0.3884051378719289,0.6130355422623273,0.22463040439039836,0.16233405334727402,0.8376659466527256,0.3869644577376724,0.7753695956096013,0.9429476688954891,0.05705233110451066,0.8176638452291114,0.18233615477088821,0.587657238165457,0.41234276183454277,0.3637010293039867,0.636298970696013,0.5565944616395012,0.4434055383604988,0.873059082169252,0.6264830483657382,0.6110473654778741,0.2586465805765223,0.3735169516342614,0.12694091783074762,1-1,0.10601521082585987,2-0,0.10099970656451204,2-1,0.09946369273974777,2.15,3.6,3.2,1.73,2.1,,,,,,,,,,,,,,,,,,,,,,
football_E0_Bournemouth_Crystal Palace_2026-05-03,2026-05-03 00:00:00,football,E0,Bournemouth,Crystal Palace,1.747,1.107,Home win,0.5123473607655403,0.2540754349561712,0.5123473607655403,0.25827192580936914,0.2293807134250906,0.7706192865749095,0.48765263923445973,0.7417280741906309,0.9312687836323073,0.06873121636769282,0.7891667438377671,0.210833256162233,0.543414022326054,0.45658597767394615,0.32018821557748933,0.6798117844225106,0.564015799413361,0.435984200586639,0.8257105517790432,0.6695740312666252,0.5212198747658179,0.3036693438533607,0.33042596873337493,0.17428944822095685,1-1,0.12255602259205521,2-1,0.09732286427709372,1-0,0.0894701703230984,1.57,4.33,5.25,1.67,2.2,,,,,,,,,,,,,,,,,,,,,,
football_E0_Man United_Liverpool_2026-05-03,2026-05-03 00:00:00,football,E0,Man United,Liverpool,1.547,1.476,Home win,0.3836308894020072,0.031239013754046696,0.3836308894020072,0.26397723495003245,0.3523918756479605,0.6476081243520396,0.6163691105979929,0.7360227650499677,0.9402577785333092,0.05974222146669112,0.8154320572189191,0.18456794278108113,0.5820384032076047,0.41796159679239553,0.3580167164211819,0.6419832835788182,0.6183990988510186,0.3816009011489814,0.7871907095882644,0.7714661677960633,0.45789820928044367,0.43413389360479504,0.22853383220393708,0.21280929041173574,1-1,0.1221890868032626,2-1,0.0859411170569425,1-2,0.08198173972993032,2.3,3.8,2.75,1.5,2.63,,,,,,,,,,,,,,,,,,,,,,
football_F1_Auxerre_Angers_2026-05-03,2026-05-03 00:00:00,football,F1,Auxerre,Angers,1.696,0.975,Home win,0.5315070932554933,0.26804541620585237,0.5315070932554933,0.2634616770496409,0.2050312296948658,0.7949687703051342,0.4684929067445067,0.736538322950359,0.9193462858457302,0.08065371415426995,0.7573960443595819,0.2426039556404181,0.49914382741710056,0.5008561725828995,0.2794343121105424,0.7205656878894575,0.5199870712956451,0.48001292870435486,0.8164938891899515,0.6228394679514238,0.5053576103748982,0.25507612609476044,0.37716053204857614,0.18350611081004858,1-1,0.1258669694368576,1-0,0.10590587269051255,2-0,0.0994825753641568,1.67,3.7,5.5,2.2,1.67,,,,,,,,,,,,,,,,,,,,,,
football_F1_Lille_Le Havre_2026-05-03,2026-05-03 00:00:00,football,F1,Lille,Le Havre,2.138,0.603,Home win,0.7215890257120331,0.5262640592236247,0.7215890257120331,0.1953249664884084,0.08308600779955852,0.9169139922004415,0.2784109742879669,0.8046750335115916,0.9271492142195943,0.07285078578040569,0.766928330667576,0.23307166933242393,0.5162615691898107,0.4837384308101893,0.2948679948492376,0.7051320051507625,0.4077586516507452,0.5922413483492548,0.8820570495732375,0.452850816297102,0.6299457965134337,0.12290137413880207,0.5471491837028981,0.11794295042676249,2-0,0.14743080407410106,1-0,0.12962406958309516,3-0,0.10504786316956506,1.42,4.75,7.5,1.91,1.91,,,,,,,,,,,,,,,,,,,,,,
football_F1_Lyon_Rennes_2026-05-03,2026-05-03 00:00:00,football,F1,Lyon,Rennes,1.713,1.201,Home win,0.4827652031830752,0.22221481288993433,0.4827652031830752,0.26055039029314087,0.25668440652378377,0.7433155934762161,0.5172347968169246,0.739449609706859,0.9345852352773779,0.06541476472262205,0.7988085432550657,0.20119145674493408,0.5572891346928599,0.44271086530714,0.33352765599786843,0.6664723440021315,0.5841760927153088,0.4158239072846912,0.8197483220792123,0.699013005913474,0.5109045278410512,0.3376214476429291,0.30098699408652574,0.1802516779207874,1-1,0.12277489406810835,2-1,0.09561949602550687,1-0,0.08179661126382995,2.1,3.5,2.88,1.67,2.2,,,,,,,,,,,,,,,,,,,,,,
football_F1_Paris FC_Brest_2026-05-03,2026-05-03 00:00:00,football,F1,Paris FC,Brest,1.655,1.158,Home win,0.4780172291264526,0.21154466429799373,0.4780172291264526,0.2664725648284589,0.25551020604508845,0.7444897939549115,0.5219827708735474,0.7335274351715411,0.9284558770412289,0.071544122958771,0.7825906567491294,0.21740934325087047,0.5335822893195956,0.4664177106804043,0.3109022279104609,0.6890977720895392,0.5663071448283378,0.43369285517166223,0.8088395806194956,0.6859234412500713,0.49253719266659807,0.32218555280067085,0.3140765587499288,0.19116041938050427,1-1,0.12655627897603902,2-1,0.09518434207885827,1-0,0.08783804926208201,2.0,3.5,3.75,1.91,1.91,,,,,,,,,,,,,,,,,,,,,,
football_F1_Strasbourg_Toulouse_2026-05-03,2026-05-03 00:00:00,football,F1,Strasbourg,Toulouse,1.792,1.004,Home win,0.547816456472138,0.2944952877365031,0.547816456472138,0.25332116873563487,0.19886237479222724,0.8011376252077729,0.4521835435278621,0.7466788312643652,0.9279574058204583,0.07204259417954165,0.7792083281941428,0.22079167180585718,0.5295708702312021,0.4704291297687979,0.30715204997643997,0.6928479500235599,0.5389269735137726,0.4610730264862274,0.8334120838188316,0.6334722955153994,0.5348473759192345,0.2655953369808853,0.36652770448460054,0.16658791618116844,1-1,0.12081858433463434,1-0,0.09844872935976966,2-1,0.09842513891224633,2.63,3.5,2.6,1.83,2.03,,,,,,,,,,,,,,,,,,,,,,
football_G1_Levadeiakos_Volos NFC_2026-05-03,2026-05-03 00:00:00,football,G1,Levadeiakos,Volos NFC,1.81,0.769,Home win,0.6109178452022266,0.3654178273047603,0.6109178452022266,0.24550001789746628,0.14358213690030694,0.8564178630996928,0.3890821547977732,0.7544999821025336,0.9136050653410712,0.08639493465892861,0.7391266579306097,0.26087334206939006,0.47632977689101985,0.52367022310898,0.25947371068124797,0.7405262893187519,0.45936837255930074,0.5406316274406993,0.8363341443686592,0.5366392935317128,0.540110126594205,0.18019931786123086,0.4633607064682871,0.16366585563134073,1-0,0.12669996197999167,2-0,0.12421431753930806,1-1,0.11614468985739276,1.62,3.8,5.0,1.98,1.83,,,,,,,,,,,,,,,,,,,,,,
football_G1_OFI Crete_Aris_2026-05-03,2026-05-03 00:00:00,football,G1,OFI Crete,Aris,1.376,1.172,Home win,0.40284712680945434,0.09625262096418147,0.40284712680945434,0.2905583673452728,0.30659450584527287,0.6934054941547272,0.5971528731905457,0.7094416326547273,0.9092066639782568,0.09079333602174339,0.7351792782940041,0.2648207217059959,0.46863345069886647,0.5313665493011336,0.25289690846546603,0.747103091534534,0.5286744090047276,0.4713255909952724,0.7475110299094415,0.6903700430735428,0.3999882530356852,0.3273668695353405,0.3096299569264573,0.25248897009055843,1-1,0.1387670579701804,1-0,0.09498827534618579,0-0,0.09079333602174339,3.4,3.2,2.15,2.1,1.7,,,,,,,,,,,,,,,,,,,,,,
football_G1_PAOK_Olympiakos_2026-05-03,2026-05-03 00:00:00,football,G1,PAOK,Olympiakos,1.438,1.292,Home win,0.39355994361867624,0.06709748149836325,0.39355994361867624,0.27997759426101065,0.326462462120313,0.6735375378796868,0.6064400563813237,0.7200224057389892,0.9226583188674754,0.07734168113252458,0.768834773918558,0.2311652260814419,0.5136758911973339,0.486324108802666,0.2925143923024469,0.7074856076975531,0.5651902142347729,0.4348097857652271,0.7626386336015579,0.7252098995006904,0.42127218305802305,0.37025037181570736,0.27479010049930963,0.23736136639844216,1-1,0.13328840145767548,2-1,0.08713256154264412,1-0,0.08168699384670731,3.1,3.2,2.3,2.35,1.57,,,,,,,,,,,,,,,,,,,,,,
football_G1_Panathinaikos_AEK_2026-05-03,2026-05-03 00:00:00,football,G1,Panathinaikos,AEK,1.358,1.263,Home win,0.3784398378538387,0.04417870267756413,0.3784398378538387,0.28729902696988646,0.3342611351762746,0.6657388648237252,0.621560162146161,0.7127009730301133,0.9147710053110437,0.08522899468895613,0.7490581357480861,0.2509418642519138,0.486748731723431,0.5132512682765689,0.2685039643557962,0.7314960356442036,0.5451673472797973,0.4548326527202027,0.7427385672226641,0.717199785368177,0.39346432282864663,0.36001896017793666,0.28280021463182287,0.2572614327773358,1-1,0.1372294691133881,1-0,0.08629942499696064,0-0,0.08522899468895613,3.3,3.2,2.2,2.15,1.67,,,,,,,,,,,,,,,,,,,,,,
football_I1_Bologna_Cagliari_2026-05-03,2026-05-03 00:00:00,football,I1,Bologna,Cagliari,1.756,0.803,Home win,0.5897858406363449,0.3364735883254614,0.5897858406363449,0.25331225231088345,0.15690190705277163,0.8430980929472283,0.4102141593636551,0.7466877476891165,0.9117039471928083,0.08829605280719154,0.7354913097020734,0.26450869029792645,0.4712108672789145,0.5287891327210854,0.25509037071803065,0.7449096292819692,0.46744325729695047,0.5325567427030495,0.8273304485917821,0.5518167558979766,0.5240574300170433,0.19212590206993907,0.4481832441020232,0.17266955140821777,1-0,0.1250134322140242,1-1,0.1199929840935695,2-0,0.11936511131578245,1.8,3.5,4.75,2.1,1.73,,,,,,,,,,,,,,,,,,,,,,
football_I1_Inter_Parma_2026-05-03,2026-05-03 00:00:00,football,I1,Inter,Parma,2.329,0.307,Home win,0.8266289666048592,0.6836536927403924,0.8266289666048592,0.14297527386446673,0.030395759530674003,0.9696042404693259,0.17337103339514073,0.8570247261355332,0.9232422350903577,0.07675776490964224,0.7446306568130076,0.25536934318699245,0.4905920752066481,0.5094079247933518,0.27186204339042896,0.728137956609571,0.243584420056397,0.756415579943603,0.9026405055638748,0.26418614958287995,0.6758534369191218,0.03845456512681156,0.73581385041712,0.09735949443612528,2-0,0.19435522821590567,1-0,0.16175376577037462,3-0,0.1509089337345352,1.22,6.0,13.0,1.5,2.63,,,,,,,,,,,,,,,,,,,,,,
football_I1_Juventus_Verona_2026-05-03,2026-05-03 00:00:00,football,I1,Juventus,Verona,2.287,0.184,Home win,0.8517179083795459,0.7206575488837046,0.8517179083795459,0.1310603594958413,0.017221732124612966,0.9827782678753871,0.14828209162045428,0.8689396405041588,0.9119288464326555,0.08807115356734428,0.710204152582139,0.28979584741786096,0.448662390559064,0.5513376094409359,0.23618148792020194,0.763818512079798,0.15438478081271392,0.8456152191872861,0.8984291596433505,0.16788446760201914,0.6661339232048852,0.014954957624675297,0.8321155323979809,0.1015708403566495,2-0,0.22103711090923922,1-0,0.18974399467464784,3-0,0.16850593392107535,1.22,6.5,12.0,1.67,2.2,,,,,,,,,,,,,,,,,,,,,,
football_I1_Sassuolo_Milan_2026-05-03,2026-05-03 00:00:00,football,I1,Sassuolo,Milan,1.21,1.467,Away win,0.41843785136455763,0.11827303429771424,0.3001648170668434,0.281397331568599,0.41843785136455763,0.5815621486354423,0.6998351829331566,0.7186026684314011,0.919020946961559,0.08097905303844076,0.7593374855083225,0.24066251449167736,0.5007165143880562,0.49928348561194374,0.28083633450150863,0.7191636654984912,0.5521783476375678,0.4478216523624322,0.7018926413001642,0.7693066532989626,0.3410928099101168,0.4309564734572247,0.23069334670103714,0.2981073586998356,1-1,0.1342843566214604,1-2,0.08952288801352948,0-1,0.08865700964446575,4.5,4.1,1.73,1.73,2.1,,,,,,,,,,,,,,,,,,,,,,
football_N1_AZ Alkmaar_Twente_2026-05-03,2026-05-03 00:00:00,football,N1,AZ Alkmaar,Twente,1.747,1.354,Home win,0.45732119939552196,0.16956761091151473,0.45732119939552196,0.25492521212047065,0.28775358848400723,0.7122464115159926,0.5426788006044778,0.7450747878795292,0.9443517112435649,0.05564828875643486,0.8260849454470695,0.17391505455293038,0.5990564042019965,0.4009435957980034,0.3753864221035797,0.6246135778964201,0.6231243086540464,0.37687569134595356,0.8257596929214056,0.7417163269762058,0.5213057326211507,0.39207849520408167,0.258283673023794,0.17424030707859428,1-1,0.11709348480919926,2-1,0.09300002177566824,1-2,0.072049590183382,2.7,4.0,2.3,1.44,2.7,,,,,,,,,,,,,,,,,,,,,,
football_N1_For Sittard_Feyenoord_2026-05-03,2026-05-03 00:00:00,football,N1,For Sittard,Feyenoord,1.192,1.963,Away win,0.5428942086592513,0.30451593825100026,0.2187275209324976,0.23837827040825105,0.5428942086592513,0.45710579134074864,0.7812724790675023,0.7616217295917489,0.9473497288522634,0.05265027114773671,0.8327152633971034,0.16728473660289678,0.6104641541455199,0.38953584585448026,0.3872782698949234,0.6127217301050768,0.6084449443821075,0.3915550556178925,0.696294646916161,0.8595000263182101,0.3343697858182546,0.5837611063068856,0.14049997368179015,0.30370535308383906,1-1,0.10977644735682379,1-2,0.0979283232187206,0-2,0.08217549877570955,5.75,5.0,1.48,1.5,2.5,,,,,,,,,,,,,,,,,,,,,,
football_N1_Sparta Rotterdam_Go Ahead Eagles_2026-05-03,2026-05-03 00:00:00,football,N1,Sparta Rotterdam,Go Ahead Eagles,1.788,1.215,Home win,0.4972997946227285,0.2434367344873516,0.4972997946227285,0.2538630601353769,0.2488371452418947,0.7511628547581054,0.5027002053772716,0.7461369398646231,0.9395762340056952,0.060423765994304754,0.8120793062861734,0.18792069371382641,0.5774746441351991,0.4225253558648009,0.353432494453306,0.6465675055466941,0.5964509619030923,0.4035490380969077,0.832653564684457,0.7033736312243304,0.533489667380404,0.3428889385094825,0.2966263687756694,0.167346435315543,1-1,0.11862840615013076,2-1,0.09639593742363825,2-0,0.07931980874793665,2.05,3.9,3.2,1.57,2.35,,,,,,,,,,,,,,,,,,,,,,
football_N1_Volendam_Heerenveen_2026-05-03,2026-05-03 00:00:00,football,N1,Volendam,Heerenveen,1.461,1.654,Away win,0.4125258591035307,0.08319913597908468,0.329326723124446,0.25814741777202327,0.4125258591035307,0.5874741408964692,0.6706732768755539,0.7418525822279767,0.944902019421358,0.05509798057864219,0.8281197378341546,0.17188026216584568,0.6020958960563977,0.39790410394360254,0.37853554349695107,0.621464456503049,0.6318382642437466,0.36816173575625344,0.7680467499307608,0.8086935337343438,0.4291120533211526,0.49229559406239026,0.1913064662656565,0.2319532500692394,1-1,0.11796206365968048,1-2,0.08867959027856956,2-1,0.07834932302875376,3.25,4.0,2.0,1.48,2.6,,,,,,,,,,,,,,,,,,,,,,
football_N1_Zwolle_Heracles_2026-05-03,2026-05-03 00:00:00,football,N1,Zwolle,Heracles,2.161,0.981,Home win,0.6338477076088322,0.4191133145072537,0.6338477076088322,0.21473439310157855,0.15141789928958913,0.8485821007104108,0.36615229239116764,0.7852656068984214,0.9476200955396272,0.05237990446037282,0.8301631919893768,0.16983680801062317,0.6077374942292905,0.3922625057707095,0.3844152372209435,0.6155847627790565,0.5621243926407751,0.4378756073592249,0.884745371363776,0.6249991168166263,0.635722965145031,0.25718816077071305,0.37500088318337355,0.11525462863622413,2-0,0.10088364603178217,1-1,0.10075248623898736,2-1,0.0989493944156996,1.48,5.0,5.5,1.44,2.7,,,,,,,,,,,,,,,,,,,,,,
football_P1_Casa Pia_Tondela_2026-05-03,2026-05-03 00:00:00,football,P1,Casa Pia,Tondela,1.6,0.905,Home win,0.5250216597172037,0.25102228749549893,0.5250216597172037,0.2739993722217048,0.2009789680610916,0.7990210319389085,0.4749783402827964,0.7260006277782953,0.906453496621763,0.09354650337823683,0.7254477458803418,0.2745522541196582,0.45733417686463235,0.5426658231353676,0.24338048806776846,0.7566195119322315,0.4869707343607108,0.5130292656392892,0.7980290135009549,0.5953952174815194,0.4749497107906959,0.2292907901312096,0.40460478251848075,0.20197098649904513,1-1,0.13010883941822435,1-0,0.11889135469855905,2-0,0.10455150849443487,2.2,3.2,3.3,2.2,1.65,,,,,,,,,,,,,,,,,,,,,,
football_P1_Rio Ave_Gil Vicente_2026-05-03,2026-05-03 00:00:00,football,P1,Rio Ave,Gil Vicente,1.371,1.191,Home win,0.3974866331192953,0.08505794850791382,0.3974866331192953,0.2900846822693234,0.31242868461138146,0.6875713153886187,0.6025133668807048,0.7099153177306767,0.9102516157579044,0.08974838424209564,0.7377854661361593,0.2622145338638409,0.4719863500726853,0.5280136499273149,0.2557528788170709,0.7442471211829292,0.5319593529233475,0.4680406470766525,0.746224018704473,0.695986949976779,0.3982201030528716,0.33400326016054216,0.30401305002322115,0.25377598129552714,1-1,0.13856891560387158,1-0,0.09320055767146057,0-0,0.08974838424209564,3.8,3.5,1.91,1.95,1.9,,,,,,,,,,,,,,,,,,,,,,
football_P1_Sp Braga_Estoril_2026-05-03,2026-05-03 00:00:00,football,P1,Sp Braga,Estoril,2.17,0.669,Home win,0.7109475266991995,0.5142950848571111,0.7109475266991995,0.19665244184208838,0.0924000314587124,0.9075999685412879,0.28905247330080075,0.8033475581579119,0.9330224225047948,0.06697757749520523,0.7839636570909172,0.21603634290908302,0.5397781923749351,0.460221807625065,0.3167344677162103,0.6832655322837897,0.4406096550329748,0.5593903449670252,0.8858083173802974,0.48782376015747236,0.6380244372522516,0.1451335550736497,0.5121762398425277,0.11419168261970279,2-0,0.13768957462862141,1-0,0.11841770514781959,3-0,0.09959060727823768,1.68,3.8,4.5,1.62,2.25,,,,,,,,,,,,,,,,,,,,,,
football_SC0_Hibernian_Celtic_2026-05-03,2026-05-03 00:00:00,football,SC0,Hibernian,Celtic,1.36,1.709,Away win,0.4467739735941423,0.15120634185662402,0.29556763173751827,0.2576583946683397,0.4467739735941423,0.5532260264058579,0.704432368262482,0.7423416053316605,0.9426963193247218,0.05730368067527845,0.8216243150243319,0.17837568497566825,0.5919330999136695,0.4080669000863307,0.36806228129657576,0.6319377187034243,0.6194436729851253,0.38055632701487474,0.7432604046961274,0.8188795876137196,0.39417333091037365,0.5094181348936375,0.18112041238628068,0.25673959530387286,1-1,0.11883189227749602,1-2,0.0922889051070559,2-1,0.0734431418702971,4.0,4.1,1.71,1.62,2.3,,,,,,,,,,,,,,,,,,,,,,
football_SP1_Betis_Oviedo_2026-05-03,2026-05-03 00:00:00,football,SP1,Betis,Oviedo,1.892,0.622,Home win,0.667960543345193,0.4406638685549261,0.667960543345193,0.22729667479026683,0.10474278186454006,0.8952572181354598,0.3320394566548069,0.7727033252097331,0.9094948293972701,0.09050517060272986,0.7250089715485627,0.2749910284514373,0.4596678511927533,0.5403321488072466,0.24533105462843285,0.754668945371567,0.40284193772248716,0.5971580622775128,0.8491541835756993,0.46318258354405806,0.5638290187719521,0.1292299455703498,0.5368174164559418,0.15084581642430075,2-0,0.14485833382873584,1-0,0.1436390086731639,1-1,0.10481360061314385,1.57,4.1,5.75,1.88,1.98,,,,,,,,,,,,,,,,,,,,,,
football_SP1_Celta_Elche_2026-05-03,2026-05-03 00:00:00,football,SP1,Celta,Elche,1.698,0.945,Home win,0.5395868520072375,0.2766387917113029,0.5395868520072375,0.26294806029593465,0.19746508769682758,0.8025349123031722,0.46041314799276223,0.7370519397040651,0.9174667280191495,0.0825332719808505,0.75230204167706,0.24769795832293975,0.4924129020975806,0.5075870979024192,0.2734729747526937,0.7265270252473061,0.5109026454134477,0.48909735458655235,0.8170058604744055,0.6113635129581915,0.50622637208018,0.24405894902555234,0.3886364870418082,0.18299413952559443,1-1,0.12556579691023467,1-0,0.1093651761677972,2-0,0.10256072672533019,1.75,3.8,4.5,1.73,2.1,,,,,,,,,,,,,,,,,,,,,,
football_SP1_Espanol_Real Madrid_2026-05-03,2026-05-03 00:00:00,football,SP1,Espanol,Real Madrid,0.942,1.82,Away win,0.5695036459602048,0.3201553766959416,0.18114808477553218,0.24934826926426318,0.5695036459602048,0.43049635403979536,0.818851915224468,0.750651730735737,0.9260285354776963,0.07397146452230399,0.7732582298108841,0.22674177018911587,0.521519755245625,0.4784802447543749,0.29969363935693755,0.7003063606430625,0.5221440995009631,0.4778559004990369,0.6101373567285143,0.8380352782501449,0.2429020277755022,0.5431979047587684,0.16196472174985513,0.38986264327148573,1-1,0.11910216982592255,0-2,0.10462278234140128,0-1,0.10411860778039554,4.5,3.9,1.73,1.57,2.38,,,,,,,,,,,,,,,,,,,,,,
football_SP1_Getafe_Vallecano_2026-05-03,2026-05-03 00:00:00,football,SP1,Getafe,Vallecano,1.518,0.871,Home win,0.5123511696028242,0.22859996537531024,0.5123511696028242,0.283751204227514,0.20389762616966195,0.7961023738303382,0.48764883039717594,0.7162487957724861,0.8961671250424285,0.10383287495757146,0.7013246687126012,0.298675331287399,0.4274624115032351,0.572537588496765,0.21901891545808644,0.7809810845419136,0.4662529331612155,0.5337470668387845,0.7808216471363796,0.5815984110672651,0.44813737823390914,0.21703942846841,0.4184015889327351,0.21917835286362078,1-1,0.13341134245750116,1-0,0.12706732286194597,2-0,0.10564044009207071,1.91,3.3,4.2,2.75,1.44,,,,,,,,,,,,,,,,,,,,,,
football_SP2_Las Palmas_Valladolid_2026-05-03,2026-05-03 00:00:00,football,SP2,Las Palmas,Valladolid,1.713,0.532,Home win,0.6535476833776503,0.40748266459448007,0.6535476833776503,0.24606501878317028,0.10038729783917942,0.8996127021608207,0.3464523166223497,0.7539349812168298,0.8844115256595412,0.1155884743404588,0.6658894728140309,0.334110527185969,0.3892974761638081,0.6107025238361918,0.18954491715429195,0.810455082845708,0.3476842807113164,0.6523157192886836,0.8197154252229697,0.41238038114788794,0.5108481656216269,0.09995745754244849,0.5876196188521119,0.1802845747770303,1-0,0.17184674013777207,2-0,0.1554717443736145,0-0,0.1155884743404588,1.79,3.5,4.33,2.05,1.75,,,,,,,,,,,,,,,,,,,,,,
football_SP2_Santander_Huesca_2026-05-03,2026-05-03 00:00:00,football,SP2,Santander,Huesca,1.84,0.541,Home win,0.6789608123113482,0.45040545391777076,0.6789608123113482,0.22855535839357746,0.09248382929507479,0.9075161707049256,0.32103918768865225,0.771444641606423,0.8983680904802107,0.10163190951978945,0.696687810885296,0.30331218911470437,0.4254146911046484,0.5745853088953518,0.21738974165785738,0.7826102583421427,0.36090991483753115,0.6390900851624688,0.841164955994554,0.418113049323188,0.5489254847851286,0.10303343106571794,0.5818869506768123,0.15883504400544626,1-0,0.16084246466661356,2-0,0.15643720258077234,0-0,0.10163190951978945,1.46,4.5,5.75,1.62,2.25,,,,,,,,,,,,,,,,,,,,,,
football_SP2_Sociedad B_Burgos_2026-05-03,2026-05-03 00:00:00,football,SP2,Sociedad B,Burgos,1.307,1.057,Home win,0.40970442333142054,0.10741627094200001,0.40970442333142054,0.30228815238942053,0.288007424279159,0.7119925757208411,0.5902955766685796,0.6977118476105795,0.8930289894048162,0.1069710105951838,0.6967784222863888,0.30322157771361125,0.4210344419758155,0.5789655580241845,0.21392614304908697,0.786073856950913,0.4890518792159195,0.5109481207840805,0.7294571173924415,0.6526237512282942,0.3757696955450839,0.2853265814495888,0.3473762487717057,0.2705428826075586,1-1,0.14289922793394774,1-0,0.10987177093598474,0-0,0.1069710105951838,2.85,3.25,2.4,2.25,1.62,,,,,,,,,,,,,,,,,,,,,,
football_SP2_Sp Gijon_Ceuta_2026-05-03,2026-05-03 00:00:00,football,SP2,Sp Gijon,Ceuta,1.596,0.853,Home win,0.5371322258132525,0.2629653559067511,0.5371322258132525,0.2741668699065014,0.18870090428024616,0.8112990957197539,0.46286777418674757,0.7258331300934986,0.9018553574085977,0.09814464259140247,0.7138308676290955,0.2861691323709044,0.4430310079726044,0.5569689920273955,0.23157240203344298,0.768427597966557,0.4693740012959455,0.5306259987040545,0.7972187932938692,0.5740105654106734,0.4736552842839916,0.21049642757390416,0.4259894345893264,0.2027812067061307,1-1,0.12938190101448202,1-0,0.12607264525553966,2-0,0.1099664492947811,1.62,4.1,4.5,1.73,2.08,,,,,,,,,,,,,,,,,,,,,,
football_T1_Antalyaspor_Alanyaspor_2026-05-03,2026-05-03 00:00:00,football,T1,Antalyaspor,Alanyaspor,1.461,1.314,Home win,0.3947691648815302,0.06682795932384,0.3947691648815302,0.27728962956077957,0.3279412055576902,0.6720587944423098,0.6052308351184698,0.7227103704392204,0.9256650601149872,0.07433493988501273,0.7765593759728192,0.22344062402718085,0.524507713500048,0.4754922864999521,0.3024518228990147,0.6975481771009854,0.5735295258987966,0.4264704741012034,0.767954807712705,0.731239778301079,0.4289777240060426,0.3781060964953411,0.26876022169892116,0.232045192287295,1-1,0.13167464817881602,2-1,0.08743337646231521,1-0,0.07913313360614577,3.1,3.25,2.25,2.03,1.78,,,,,,,,,,,,,,,,,,,,,,
football_T1_Karagumruk_Genclerbirligi_2026-05-03,2026-05-03 00:00:00,football,T1,Karagumruk,Genclerbirligi,1.635,1.132,Home win,0.47919117912942305,0.21045715226956752,0.47919117912942305,0.26873402685985553,0.2520747940107213,0.7479252059892786,0.5208088208705768,0.7312659731401443,0.9254788576214218,0.07452114237857821,0.7747739558858078,0.22522604411419225,0.522500683680367,0.477499316319633,0.3005980905686326,0.6994019094313675,0.557009721935071,0.44299027806492897,0.8050182314294912,0.6774703481270016,0.48625219388818663,0.31250861852483186,0.3225296518729984,0.19498176857050883,1-1,0.12797114483945513,2-1,0.0950971305936741,1-0,0.09117775867718164,2.57,3.3,2.57,2.0,1.8,,,,,,,,,,,,,,,,,,,,,,
football_T1_Kasimpasa_Kocaelispor_2026-05-03,2026-05-03 00:00:00,football,T1,Kasimpasa,Kocaelispor,1.606,1.055,Home win,0.48997438448464997,0.21737753610567112,0.48997438448464997,0.27259684837897885,0.23742876713637115,0.7625712328636288,0.51002561551535,0.7274031516210211,0.9182834970213374,0.08171650297866256,0.7560158272326868,0.24398417276731316,0.4967759684707389,0.5032240315292611,0.27733042731208235,0.7226695726879175,0.5328038210397703,0.4671961789602297,0.7993581179669254,0.6517292000941821,0.47708016374623335,0.28438188162734446,0.3482707999058179,0.20064188203307445,1-1,0.13022673651234445,1-0,0.10040120668005605,2-1,0.09507941078169112,2.2,3.1,3.4,2.3,1.6,,,,,,,,,,,,,,,,,,,,,,
football_T1_Kayserispor_Eyupspor_2026-05-03,2026-05-03 00:00:00,football,T1,Kayserispor,Eyupspor,1.576,1.166,Home win,0.4565384430956867,0.18315919878020592,0.4565384430956867,0.2733792443154808,0.27008231258883264,0.7299176874111675,0.5434615569043134,0.7266207556845193,0.9237663995168801,0.07623360048311996,0.7708290367058772,0.22917096329412284,0.5167842985994283,0.4832157014005718,0.29534947763306285,0.7046505223669371,0.5580007347413013,0.4419992652586987,0.7932963707863139,0.6884707634718674,0.467434270649464,0.32514601101940377,0.3115292365281325,0.2067036292136862,1-1,0.130233143552447,2-1,0.09332211935703054,1-0,0.0896761945825006,1.71,3.75,4.5,1.93,1.88,,,,,,,,,,,,,,,,,,,,,,
football_E0_Chelsea_Nott'm Forest_2026-05-04,2026-05-04 00:00:00,football,E0,Chelsea,Nott'm Forest,1.828,1.072,Home win,0.5398513203490436,0.28954136014007603,0.5398513203490436,0.25030996020896756,0.20983871944198895,0.7901612805580112,0.4601486796509565,0.7496900397910325,0.9341422416209092,0.06585775837909094,0.7960512617438592,0.2039487382561409,0.5538284893810672,0.4461715106189329,0.33017438129750326,0.6698256187024969,0.5625827435188108,0.43741725648118923,0.8391856480683213,0.6575393370713987,0.5452960894421824,0.29055900410030583,0.3424606629286014,0.16081435193167884,1-1,0.11863685688948271,2-1,0.09854992613090104,2-0,0.09196534528462465,1.7,4.0,4.75,1.67,2.2,,,,,,,,,,,,,,,,,,,,,,
football_E0_Everton_Man City_2026-05-04,2026-05-04 00:00:00,football,E0,Everton,Man City,1.117,1.779,Away win,0.5178312740430577,0.2626832749754145,0.2270207268892987,0.25514799906764324,0.5178312740430577,0.48216872595694193,0.772979273110701,0.7448520009323565,0.9337923657461611,0.06620763425383884,0.7957830187660639,0.20421698123393617,0.5531628262707392,0.4468371737292609,0.32953161244556606,0.6704683875544339,0.5701703424830401,0.4298296575169599,0.6727218994964156,0.8312408087327859,0.30717024851729385,0.5309700627524658,0.16875919126721417,0.32727810050358463,1-1,0.12074091362722225,1-2,0.09765115049694774,0-2,0.08742699687179387,6.5,4.75,1.44,1.62,2.3,,,,,,,,,,,,,,,,,,,,,,
football_I1_Cremonese_Lazio_2026-05-04,2026-05-04 00:00:00,football,I1,Cremonese,Lazio,1.038,1.457,Away win,0.45516510066740795,0.16709073504555394,0.2567605337107379,0.288074365621854,0.45516510066740795,0.544834899332592,0.743239466289262,0.7119256343781459,0.9050679336791314,0.0949320663208686,0.7242488679598923,0.2757511320401078,0.4550267984145035,0.5449732015854964,0.2414578710373222,0.7585421289626777,0.5079685885298161,0.4920314114701839,0.6458991844405173,0.7671373377684302,0.2782810548938859,0.4277849851871647,0.23286266223156984,0.3541008155594827,1-1,0.13722728482449115,0-1,0.10768973709973788,0-0,0.0949320663208686,2.9,3.25,2.5,2.1,1.73,,,,,,,,,,,,,,,,,,,,,,
football_I1_Roma_Fiorentina_2026-05-04,2026-05-04 00:00:00,football,I1,Roma,Fiorentina,1.745,0.822,Home win,0.5820534095065029,0.32678554135987237,0.5820534095065029,0.2552678681466305,0.1626787223468664,0.8373212776531334,0.4179465904934969,0.7447321318533693,0.9122358286774688,0.08776417132253102,0.7372197294304754,0.26278027056952413,0.4732945576202588,0.526705442379741,0.25687061114868304,0.7431293888513167,0.47361460853143084,0.5263853914685692,0.8253702739298645,0.5604801632790348,0.5206257319469961,0.19916302329306684,0.4395198367209648,0.1746297260701352,1-0,0.1229303287003572,1-1,0.12112036896914224,2-0,0.11686976869236985,1.62,4.2,5.0,1.9,1.95,,,,,,,,,,,,,,,,,,,,,,
football_P1_Sp Lisbon_Guimaraes_2026-05-04,2026-05-04 00:00:00,football,P1,Sp Lisbon,Guimaraes,2.443,0.384,Home win,0.8234426641112607,0.683184809050099,0.8234426641112607,0.14025785506116165,0.03629948082757765,0.9637005191724223,0.1765573358887393,0.8597421449388383,0.9352701128756944,0.06472988712430562,0.7790615561827935,0.22093844381720645,0.5369936391630927,0.46300636083690727,0.31409663254518366,0.6859033674548165,0.2966905517489416,0.7033094482510585,0.9131214561627954,0.31883920846184055,0.7008515815640346,0.057302829502435114,0.6811607915381597,0.08687854383720452,2-0,0.17663787823677035,3-0,0.14385945638073547,1-0,0.1390382863649251,1.25,5.5,10.0,1.48,2.6,,,,,,,,,,,,,,,,,,,,,,
football_SC0_Hearts_Rangers_2026-05-04,2026-05-04 00:00:00,football,SC0,Hearts,Rangers,1.552,1.403,Home win,0.39932632840857596,0.06571378572371434,0.39932632840857596,0.2670611289065624,0.3336125426848616,0.6663874573151384,0.600673671591424,0.7329388710934376,0.93656863845452,0.06343136154547994,0.8053349327937265,0.1946650672062733,0.5666011452499443,0.4333988547500554,0.342636237688817,0.657363762311183,0.6057054378105188,0.3942945621894812,0.7881019764544848,0.754172099810554,0.45931021642677666,0.409245105227829,0.24582790018944592,0.21189802354551507,1-1,0.12475006899291416,2-1,0.08798570793942645,1-2,0.07956354524769879,2.65,3.6,2.4,1.73,2.1,,,,,,,,,,,,,,,,,,,,,,
football_SP1_Sevilla_Sociedad_2026-05-04,2026-05-04 00:00:00,football,SP1,Sevilla,Sociedad,1.358,1.229,Home win,0.38572411890342273,0.06053166225610368,0.38572411890342273,0.28908342444925833,0.32519245664731905,0.674807543352681,0.6142758810965774,0.7109165755507418,0.912271066651877,0.08772893334812296,0.742836807904311,0.25716319209568894,0.47854330794556865,0.5214566920544313,0.26138084913716764,0.7386191508628324,0.5382325556092358,0.4617674443907642,0.7429505947637827,0.7075530274973303,0.3937522717837972,0.3479976637707144,0.29244697250266966,0.2570494052362174,1-1,0.1381117430349723,1-0,0.08956637935532688,0-0,0.08772893334812296,2.38,3.5,2.9,1.98,1.88,,,,,,,,,,,,,,,,,,,,,,
football_SP2_Almeria_Mirandes_2026-05-04,2026-05-04 00:00:00,football,SP2,Almeria,Mirandes,1.934,0.682,Home win,0.6610625394565736,0.43540999283514725,0.6610625394565736,0.2256525466214263,0.11328491392199985,0.8867150860779999,0.33893746054342616,0.7743474533785735,0.9172583227982187,0.08274167720178109,0.7453161109550467,0.2546838890449532,0.4855589741885997,0.5144410258114,0.26746394287211944,0.7325360571278803,0.43255532361126875,0.5674446763887313,0.8554209080259211,0.4943927383835665,0.5758143899690096,0.1495710765432597,0.5056072616164333,0.14457909197407892,2-0,0.1367012219735813,1-0,0.13172964750308422,1-1,0.10605582263954258,1.45,4.5,6.0,1.5,2.5,,,,,,,,,,,,,,,,,,,,,,
401869418,2026-05-03 19:30:00,basketball,NBA,Detroit Pistons,Orlando Magic,,,,,,0.6458238549831234,,0.35417614501687655,,,,,,,,,,,,,,,,,,,,,,,,,,1.2941176470588236,,3.7,,,116.5,110.4,226.9,6.2,0.7601450504476271,0.4835002136948072,0.8286216238101619,0.579491387972784,0.5164997863051928,1.5484098214769906,2.8234538493617345,-8.5,8.5,0.44428981210340085,0.5557101878965991,202.5,0.866706617463286,0.13329338253671397,1.8928571428571428,1.925925925925926,1.9523809523809523,1.8695652173913042
401869384,2026-05-03 23:30:00,basketball,NBA,Cleveland Cavaliers,Toronto Raptors,,,,,,0.5971004538102432,,0.40289954618975676,,,,,,,,,,,,,,,,,,,,,,,,,,1.2941176470588236,,3.7,,,117.1,113.1,230.2,4.1,0.7185530151462182,0.5346047313056901,0.7940377032555117,0.6288516280544783,0.46539526869430986,1.6747600736505168,2.4820082560455954,-8.5,8.5,0.3942255038396202,0.6057744961603798,210.5,0.8148849038538126,0.18511509614618737,1.9523809523809523,1.8695652173913042,1.8928571428571428,1.925925925925926
401871159,2026-05-05 00:00:00,basketball,NBA,New York Knicks,Philadelphia 76ers,,,,,,0.6369550868395224,,0.3630449131604776,,,,,,,,,,,,,,,,,,,,,,,,,,1.4587155963302751,,2.8,,,116.8,111.0,227.7,5.8,0.7527063526530186,0.49296608070914194,0.8225155022592269,0.5887500413573348,0.5070339192908581,1.569969407045406,2.754480131106995,-6.5,6.5,0.48290718625570644,0.5170928137442936,212.5,0.7558272084721719,0.24417279152782811,1.9523809523809523,1.8695652173913042,1.9090909090909092,1.9090909090909092
401871152,2026-05-05 01:30:00,basketball,NBA,San Antonio Spurs,Minnesota Timberwolves,,,,,,0.6872967252537052,,0.3127032747462948,,,,,,,,,,,,,,,,,,,,,,,,,,1.1111111111111112,,7.0,,,119.9,111.8,231.8,8.1,0.7941488427995871,0.4382123913581286,0.8560783516956797,0.5344496713873267,0.5617876086418714,1.4549756506272673,3.1979198197119265,-13.5,13.5,0.3712958340427319,0.6287041659572681,217.5,0.7417312590167953,0.25826874098320474,1.8695652173913042,1.9523809523809523,1.9090909090909092,1.9090909090909092
E2025_394,2026-05-05 18:00:00,basketball,EuroLeague,HAPOEL IBI TEL AVIV,REAL MADRID,,,,,,0.4645592417441438,,0.5354407582558562,,,,,,,,,,,,,,,,,,,,,,,,,,,,,,,86.3,87.4,173.7,-1.1,0.64118265975336,0.7052393120873479,0.7546869211505163,0.807089593255234,0.35881734024664,2.152577992519521,1.8676202447818844,,,,,,,,,,,
E2025_392,2026-05-05 19:45:00,basketball,EuroLeague,AS MONACO,OLYMPIACOS PIRAEUS,,,,,,0.44121589811040735,,0.5587841018895927,,,,,,,,,,,,,,,,,,,,,,,,,,,,,,,87.3,89.1,176.5,-1.8,0.6189363977618823,0.7252344668641987,0.7357770179879757,0.8228171342290578,0.38106360223811775,2.266464114921275,1.789599948564007,,,,,,,,,,,
401871333,2026-05-05 23:00:00,basketball,NBA,TBD,TBD,,,,,,0.5601016560223984,,0.43989834397760164,,,,,,,,,,,,,,,,,,,,,,,,,,,,,,,116.1,113.6,229.7,2.5,0.6857808968591916,0.5720015811817909,0.7660467072016136,0.6640112160246725,0.4279984188182091,1.7853901863129114,2.2732524768288673,,,,,,,,,,,
401871326,2026-05-06 00:30:00,basketball,NBA,Oklahoma City Thunder,Los Angeles Lakers,,,,,,0.6545759252453736,,0.34542407475462644,,,,,,,,,,,,,,,,,,,,,,,,,,1.0909090909090908,,8.0,,,117.3,110.7,227.9,6.6,0.7674282483379812,0.4740850001907648,0.8345659369945853,0.5702293508358358,0.5259149998092352,1.5277066592773652,2.8949921939006553,-15.5,15.5,0.2946320349520734,0.7053679650479265,213.5,0.744493541197839,0.25550645880216105,1.9090909090909092,1.9090909090909092,1.9090909090909092,1.9090909090909092
E2025_393,2026-05-06 19:00:00,basketball,EuroLeague,ZALGIRIS KAUNAS,FENERBAHCE BEKO ISTANBUL,,,,,,0.5303146799624638,,0.46968532003753616,,,,,,,,,,,,,,,,,,,,,,,,,,,,,,,84.3,83.3,167.6,0.9,0.70077704163774,0.6459893482583411,0.8035384016883659,0.7587247498733745,0.3540106517416589,1.8856728613863394,2.1290850646983865,,,,,,,,,,,
E2025_395,2026-05-06 20:15:00,basketball,EuroLeague,PANATHINAIKOS AKTOR ATHENS,VALENCIA BASKET,,,,,,0.590117776501809,,0.40988222349819103,,,,,,,,,,,,,,,,,,,,,,,,,,,,,,,88.2,85.4,173.6,2.8,0.7512484631441061,0.5881263247909435,0.8428199182493468,0.7089840877655638,0.4118736752090565,1.694576980764677,2.439725225127782,,,,,,,,,,,
401871160,2026-05-06 23:00:00,basketball,NBA,New York Knicks,Philadelphia 76ers,,,,,,0.6369550868395224,,0.3630449131604776,,,,,,,,,,,,,,,,,,,,,,,,,,,,,,,116.8,111.0,227.7,5.8,0.7527063526530186,0.49296608070914194,0.8225155022592269,0.5887500413573348,0.5070339192908581,1.569969407045406,2.754480131106995,,,,,,,,,,,
